timestamp,room,light_level
0,balcony,6
0,bedroom,9
0,living_room,6
1,balcony,5
1,bedroom,10
1,living_room,7
2,balcony,9
2,bedroom,9
2,living_room,6
3,balcony,6
3,bedroom,4
3,living_room,8
4,balcony,6
4,bedroom,6
4,living_room,5
5,balcony,7
5,bedroom,5
5,living_room,8
6,balcony,31
6,bedroom,20
6,living_room,8
7,balcony,86
7,bedroom,61
7,living_room,29
8,balcony,87
8,bedroom,56
8,living_room,37
9,balcony,75
9,bedroom,53
9,living_room,45
10,balcony,80
10,bedroom,55
10,living_room,38
11,balcony,73
11,bedroom,67
11,living_room,45
12,balcony,69
12,bedroom,59
12,living_room,42
13,balcony,79
13,bedroom,51
13,living_room,38
14,balcony,72
14,bedroom,69
14,living_room,44
15,balcony,92
15,bedroom,62
15,living_room,25
16,balcony,77
16,bedroom,58
16,living_room,45
17,balcony,4
17,bedroom,6
17,living_room,7
18,balcony,7
18,bedroom,8
18,living_room,7
19,balcony,8
19,bedroom,8
19,living_room,8
20,balcony,6
20,bedroom,6
20,living_room,7
21,balcony,7
21,bedroom,4
21,living_room,8
22,balcony,6
22,bedroom,8
22,living_room,9
23,balcony,9
23,bedroom,7
23,living_room,8
0,balcony,7
0,bedroom,10
0,living_room,8
1,balcony,11
1,bedroom,6
1,living_room,5
2,balcony,5
2,bedroom,4
2,living_room,7
3,balcony,11
3,bedroom,4
3,living_room,5
4,balcony,8
4,bedroom,7
4,living_room,6
5,balcony,6
5,bedroom,8
5,living_room,6
6,balcony,27
6,bedroom,23
6,living_room,10
7,balcony,75
7,bedroom,67
7,living_room,45
8,balcony,94
8,bedroom,61
8,living_room,37
9,balcony,75
9,bedroom,51
9,living_room,46
10,balcony,92
10,bedroom,64
10,living_room,39
11,balcony,76
11,bedroom,70
11,living_room,36
12,balcony,85
12,bedroom,55
12,living_room,22
13,balcony,85
13,bedroom,69
13,living_room,31
14,balcony,78
14,bedroom,51
14,living_room,52
15,balcony,71
15,bedroom,47
15,living_room,46
16,balcony,84
16,bedroom,63
16,living_room,40
17,balcony,8
17,bedroom,7
17,living_room,6
18,balcony,8
18,bedroom,8
18,living_room,8
19,balcony,9
19,bedroom,7
19,living_room,5
20,balcony,8
20,bedroom,9
20,living_room,6
21,balcony,7
21,bedroom,8
21,living_room,4
22,balcony,7
22,bedroom,8
22,living_room,7
23,balcony,5
23,bedroom,6
23,living_room,5
0,balcony,7
0,bedroom,7
0,living_room,7
1,balcony,7
1,bedroom,6
1,living_room,6
2,balcony,7
2,bedroom,9
2,living_room,6
3,balcony,10
3,bedroom,5
3,living_room,5
4,balcony,7
4,bedroom,8
4,living_room,8
5,balcony,7
5,bedroom,5
5,living_room,6
6,balcony,31
6,bedroom,28
6,living_room,12
7,balcony,91
7,bedroom,69
7,living_room,55
8,balcony,84
8,bedroom,50
8,living_room,34
9,balcony,93
9,bedroom,59
9,living_room,33
10,balcony,78
10,bedroom,52
10,living_room,37
11,balcony,68
11,bedroom,64
11,living_room,38
12,balcony,91
12,bedroom,54
12,living_room,48
13,balcony,85
13,bedroom,64
13,living_room,38
14,balcony,66
14,bedroom,59
14,living_room,41
15,balcony,81
15,bedroom,68
15,living_room,20
16,balcony,86
16,bedroom,64
16,living_room,37
17,balcony,8
17,bedroom,5
17,living_room,7
18,balcony,7
18,bedroom,7
18,living_room,7
19,balcony,6
19,bedroom,10
19,living_room,7
20,balcony,6
20,bedroom,5
20,living_room,5
21,balcony,7
21,bedroom,8
21,living_room,5
22,balcony,8
22,bedroom,8
22,living_room,4
23,balcony,9
23,bedroom,5
23,living_room,4
0,balcony,6
0,bedroom,8
0,living_room,9
1,balcony,5
1,bedroom,7
1,living_room,7
2,balcony,6
2,bedroom,5
2,living_room,7
3,balcony,7
3,bedroom,9
3,living_room,10
4,balcony,6
4,bedroom,8
4,living_room,7
5,balcony,7
5,bedroom,7
5,living_room,10
6,balcony,32
6,bedroom,15
6,living_room,9
7,balcony,69
7,bedroom,63
7,living_room,35
8,balcony,87
8,bedroom,80
8,living_room,36
9,balcony,89
9,bedroom,58
9,living_room,37
10,balcony,77
10,bedroom,58
10,living_room,55
11,balcony,78
11,bedroom,56
11,living_room,32
12,balcony,83
12,bedroom,56
12,living_room,43
13,balcony,83
13,bedroom,55
13,living_room,23
14,balcony,82
14,bedroom,52
14,living_room,49
15,balcony,84
15,bedroom,59
15,living_room,32
16,balcony,88
16,bedroom,58
16,living_room,42
17,balcony,8
17,bedroom,8
17,living_room,5
18,balcony,6
18,bedroom,6
18,living_room,7
19,balcony,8
19,bedroom,6
19,living_room,7
20,balcony,6
20,bedroom,7
20,living_room,6
21,balcony,6
21,bedroom,8
21,living_room,9
22,balcony,4
22,bedroom,7
22,living_room,7
23,balcony,6
23,bedroom,7
23,living_room,6
0,balcony,5
0,bedroom,8
0,living_room,9
1,balcony,9
1,bedroom,7
1,living_room,7
2,balcony,9
2,bedroom,8
2,living_room,6
3,balcony,7
3,bedroom,9
3,living_room,9
4,balcony,6
4,bedroom,7
4,living_room,6
5,balcony,8
5,bedroom,9
5,living_room,6
6,balcony,36
6,bedroom,25
6,living_room,8
7,balcony,90
7,bedroom,67
7,living_room,40
8,balcony,89
8,bedroom,66
8,living_room,49
9,balcony,70
9,bedroom,66
9,living_room,46
10,balcony,86
10,bedroom,63
10,living_room,39
11,balcony,75
11,bedroom,55
11,living_room,35
12,balcony,86
12,bedroom,61
12,living_room,40
13,balcony,84
13,bedroom,61
13,living_room,38
14,balcony,81
14,bedroom,65
14,living_room,34
15,balcony,75
15,bedroom,51
15,living_room,42
16,balcony,86
16,bedroom,64
16,living_room,37
17,balcony,6
17,bedroom,5
17,living_room,8
18,balcony,9
18,bedroom,10
18,living_room,6
19,balcony,8
19,bedroom,7
19,living_room,9
20,balcony,9
20,bedroom,6
20,living_room,8
21,balcony,11
21,bedroom,6
21,living_room,5
22,balcony,7
22,bedroom,7
22,living_room,6
23,balcony,6
23,bedroom,6
23,living_room,7
0,balcony,8
0,bedroom,7
0,living_room,7
1,balcony,6
1,bedroom,6
1,living_room,7
2,balcony,5
2,bedroom,8
2,living_room,7
3,balcony,5
3,bedroom,7
3,living_room,8
4,balcony,7
4,bedroom,10
4,living_room,6
5,balcony,6
5,bedroom,6
5,living_room,10
6,balcony,34
6,bedroom,20
6,living_room,8
7,balcony,84
7,bedroom,53
7,living_room,46
8,balcony,75
8,bedroom,56
8,living_room,45
9,balcony,77
9,bedroom,48
9,living_room,42
10,balcony,81
10,bedroom,55
10,living_room,47
11,balcony,76
11,bedroom,62
11,living_room,38
12,balcony,93
12,bedroom,65
12,living_room,60
13,balcony,87
13,bedroom,55
13,living_room,30
14,balcony,74
14,bedroom,57
14,living_room,50
15,balcony,68
15,bedroom,67
15,living_room,47
16,balcony,84
16,bedroom,60
16,living_room,42
17,balcony,8
17,bedroom,7
17,living_room,11
18,balcony,8
18,bedroom,7
18,living_room,8
19,balcony,6
19,bedroom,8
19,living_room,7
20,balcony,7
20,bedroom,8
20,living_room,8
21,balcony,7
21,bedroom,8
21,living_room,7
22,balcony,5
22,bedroom,7
22,living_room,2
23,balcony,6
23,bedroom,7
23,living_room,8
0,balcony,5
0,bedroom,9
0,living_room,7
1,balcony,9
1,bedroom,7
1,living_room,8
2,balcony,6
2,bedroom,7
2,living_room,6
3,balcony,6
3,bedroom,7
3,living_room,6
4,balcony,8
4,bedroom,9
4,living_room,4
5,balcony,5
5,bedroom,8
5,living_room,7
6,balcony,36
6,bedroom,25
6,living_room,11
7,balcony,95
7,bedroom,65
7,living_room,41
8,balcony,75
8,bedroom,62
8,living_room,53
9,balcony,100
9,bedroom,58
9,living_room,41
10,balcony,80
10,bedroom,56
10,living_room,37
11,balcony,65
11,bedroom,50
11,living_room,32
12,balcony,81
12,bedroom,62
12,living_room,33
13,balcony,89
13,bedroom,54
13,living_room,43
14,balcony,69
14,bedroom,48
14,living_room,40
15,balcony,76
15,bedroom,51
15,living_room,50
16,balcony,79
16,bedroom,62
16,living_room,42
17,balcony,7
17,bedroom,6
17,living_room,5
18,balcony,6
18,bedroom,8
18,living_room,3
19,balcony,7
19,bedroom,8
19,living_room,6
20,balcony,6
20,bedroom,10
20,living_room,6
21,balcony,5
21,bedroom,7
21,living_room,8
22,balcony,6
22,bedroom,6
22,living_room,9
23,balcony,5
23,bedroom,5
23,living_room,4
0,balcony,6
0,bedroom,8
0,living_room,5
1,balcony,6
1,bedroom,7
1,living_room,6
2,balcony,7
2,bedroom,6
2,living_room,7
3,balcony,6
3,bedroom,4
3,living_room,9
4,balcony,5
4,bedroom,8
4,living_room,8
5,balcony,5
5,bedroom,8
5,living_room,7
6,balcony,33
6,bedroom,25
6,living_room,7
7,balcony,73
7,bedroom,70
7,living_room,45
8,balcony,79
8,bedroom,74
8,living_room,51
9,balcony,86
9,bedroom,61
9,living_room,45
10,balcony,77
10,bedroom,61
10,living_room,54
11,balcony,82
11,bedroom,63
11,living_room,33
12,balcony,70
12,bedroom,54
12,living_room,38
13,balcony,75
13,bedroom,63
13,living_room,29
14,balcony,80
14,bedroom,50
14,living_room,42
15,balcony,83
15,bedroom,61
15,living_room,49
16,balcony,75
16,bedroom,58
16,living_room,42
17,balcony,6
17,bedroom,7
17,living_room,4
18,balcony,6
18,bedroom,7
18,living_room,7
19,balcony,6
19,bedroom,5
19,living_room,9
20,balcony,6
20,bedroom,8
20,living_room,8
21,balcony,9
21,bedroom,9
21,living_room,9
22,balcony,5
22,bedroom,6
22,living_room,8
23,balcony,7
23,bedroom,7
23,living_room,6
0,balcony,7
0,bedroom,5
0,living_room,5
1,balcony,4
1,bedroom,9
1,living_room,6
2,balcony,6
2,bedroom,7
2,living_room,6
3,balcony,7
3,bedroom,8
3,living_room,9
4,balcony,8
4,bedroom,9
4,living_room,6
5,balcony,8
5,bedroom,7
5,living_room,9
6,balcony,22
6,bedroom,26
6,living_room,8
7,balcony,76
7,bedroom,62
7,living_room,32
8,balcony,85
8,bedroom,74
8,living_room,42
9,balcony,88
9,bedroom,58
9,living_room,42
10,balcony,69
10,bedroom,60
10,living_room,43
11,balcony,64
11,bedroom,78
11,living_room,38
12,balcony,78
12,bedroom,60
12,living_room,43
13,balcony,83
13,bedroom,60
13,living_room,37
14,balcony,88
14,bedroom,40
14,living_room,35
15,balcony,76
15,bedroom,63
15,living_room,57
16,balcony,84
16,bedroom,65
16,living_room,45
17,balcony,7
17,bedroom,8
17,living_room,7
18,balcony,5
18,bedroom,7
18,living_room,9
19,balcony,5
19,bedroom,5
19,living_room,6
20,balcony,6
20,bedroom,10
20,living_room,7
21,balcony,5
21,bedroom,9
21,living_room,5
22,balcony,8
22,bedroom,7
22,living_room,6
23,balcony,6
23,bedroom,6
23,living_room,7
0,balcony,6
0,bedroom,9
0,living_room,8
1,balcony,7
1,bedroom,7
1,living_room,7
2,balcony,9
2,bedroom,9
2,living_room,7
3,balcony,9
3,bedroom,4
3,living_room,6
4,balcony,6
4,bedroom,8
4,living_room,5
5,balcony,7
5,bedroom,5
5,living_room,9
6,balcony,35
6,bedroom,26
6,living_room,12
7,balcony,84
7,bedroom,66
7,living_room,39
8,balcony,82
8,bedroom,65
8,living_room,43
9,balcony,71
9,bedroom,55
9,living_room,38
10,balcony,70
10,bedroom,65
10,living_room,46
11,balcony,67
11,bedroom,58
11,living_room,45
12,balcony,71
12,bedroom,59
12,living_room,34
13,balcony,80
13,bedroom,63
13,living_room,60
14,balcony,80
14,bedroom,46
14,living_room,35
15,balcony,88
15,bedroom,68
15,living_room,47
16,balcony,80
16,bedroom,58
16,living_room,39
17,balcony,5
17,bedroom,8
17,living_room,8
18,balcony,6
18,bedroom,9
18,living_room,7
19,balcony,8
19,bedroom,6
19,living_room,7
20,balcony,6
20,bedroom,8
20,living_room,7
21,balcony,4
21,bedroom,6
21,living_room,6
22,balcony,7
22,bedroom,4
22,living_room,6
23,balcony,9
23,bedroom,6
23,living_room,6
0,balcony,9
0,bedroom,7
0,living_room,9
1,balcony,7
1,bedroom,6
1,living_room,8
2,balcony,10
2,bedroom,6
2,living_room,8
3,balcony,7
3,bedroom,6
3,living_room,5
4,balcony,7
4,bedroom,8
4,living_room,8
5,balcony,8
5,bedroom,7
5,living_room,7
6,balcony,7
6,bedroom,7
6,living_room,8
7,balcony,32
7,bedroom,24
7,living_room,7
8,balcony,75
8,bedroom,60
8,living_room,34
9,balcony,80
9,bedroom,56
9,living_room,46
10,balcony,67
10,bedroom,68
10,living_room,35
11,balcony,71
11,bedroom,69
11,living_room,37
12,balcony,78
12,bedroom,53
12,living_room,46
13,balcony,86
13,bedroom,59
13,living_room,36
14,balcony,99
14,bedroom,56
14,living_room,37
15,balcony,80
15,bedroom,64
15,living_room,47
16,balcony,80
16,bedroom,57
16,living_room,39
17,balcony,5
17,bedroom,3
17,living_room,5
18,balcony,5
18,bedroom,7
18,living_room,7
19,balcony,8
19,bedroom,8
19,living_room,8
20,balcony,8
20,bedroom,7
20,living_room,6
21,balcony,7
21,bedroom,7
21,living_room,5
22,balcony,9
22,bedroom,8
22,living_room,7
23,balcony,6
23,bedroom,6
23,living_room,9
0,balcony,7
0,bedroom,6
0,living_room,8
1,balcony,6
1,bedroom,7
1,living_room,5
2,balcony,7
2,bedroom,6
2,living_room,9
3,balcony,6
3,bedroom,7
3,living_room,7
4,balcony,6
4,bedroom,10
4,living_room,8
5,balcony,7
5,bedroom,9
5,living_room,5
6,balcony,8
6,bedroom,6
6,living_room,8
7,balcony,32
7,bedroom,18
7,living_room,6
8,balcony,69
8,bedroom,59
8,living_room,43
9,balcony,81
9,bedroom,60
9,living_room,35
10,balcony,73
10,bedroom,55
10,living_room,49
11,balcony,74
11,bedroom,56
11,living_room,49
12,balcony,79
12,bedroom,73
12,living_room,40
13,balcony,80
13,bedroom,58
13,living_room,36
14,balcony,70
14,bedroom,63
14,living_room,28
15,balcony,85
15,bedroom,58
15,living_room,33
16,balcony,86
16,bedroom,65
16,living_room,40
17,balcony,7
17,bedroom,7
17,living_room,8
18,balcony,9
18,bedroom,6
18,living_room,8
19,balcony,8
19,bedroom,7
19,living_room,7
20,balcony,7
20,bedroom,7
20,living_room,7
21,balcony,5
21,bedroom,8
21,living_room,8
22,balcony,7
22,bedroom,4
22,living_room,7
23,balcony,8
23,bedroom,6
23,living_room,6
0,balcony,6
0,bedroom,7
0,living_room,9
1,balcony,8
1,bedroom,9
1,living_room,8
2,balcony,6
2,bedroom,5
2,living_room,5
3,balcony,6
3,bedroom,8
3,living_room,9
4,balcony,9
4,bedroom,7
4,living_room,5
5,balcony,9
5,bedroom,8
5,living_room,8
6,balcony,3
6,bedroom,7
6,living_room,10
7,balcony,35
7,bedroom,20
7,living_room,10
8,balcony,65
8,bedroom,71
8,living_room,40
9,balcony,72
9,bedroom,69
9,living_room,48
10,balcony,73
10,bedroom,52
10,living_room,35
11,balcony,80
11,bedroom,48
11,living_room,27
12,balcony,80
12,bedroom,62
12,living_room,56
13,balcony,67
13,bedroom,78
13,living_room,36
14,balcony,70
14,bedroom,64
14,living_room,51
15,balcony,74
15,bedroom,45
15,living_room,35
16,balcony,77
16,bedroom,56
16,living_room,38
17,balcony,7
17,bedroom,5
17,living_room,7
18,balcony,6
18,bedroom,6
18,living_room,5
19,balcony,8
19,bedroom,7
19,living_room,6
20,balcony,8
20,bedroom,4
20,living_room,6
21,balcony,6
21,bedroom,3
21,living_room,8
22,balcony,6
22,bedroom,8
22,living_room,6
23,balcony,4
23,bedroom,7
23,living_room,9
0,balcony,8
0,bedroom,8
0,living_room,7
1,balcony,7
1,bedroom,7
1,living_room,9
2,balcony,4
2,bedroom,5
2,living_room,7
3,balcony,8
3,bedroom,7
3,living_room,7
4,balcony,6
4,bedroom,7
4,living_room,6
5,balcony,6
5,bedroom,7
5,living_room,8
6,balcony,8
6,bedroom,5
6,living_room,7
7,balcony,25
7,bedroom,18
7,living_room,9
8,balcony,90
8,bedroom,66
8,living_room,42
9,balcony,80
9,bedroom,58
9,living_room,49
10,balcony,86
10,bedroom,63
10,living_room,46
11,balcony,67
11,bedroom,49
11,living_room,56
12,balcony,74
12,bedroom,59
12,living_room,36
13,balcony,71
13,bedroom,64
13,living_room,34
14,balcony,85
14,bedroom,63
14,living_room,43
15,balcony,72
15,bedroom,59
15,living_room,40
16,balcony,77
16,bedroom,54
16,living_room,41
17,balcony,7
17,bedroom,5
17,living_room,8
18,balcony,7
18,bedroom,7
18,living_room,9
19,balcony,8
19,bedroom,6
19,living_room,9
20,balcony,7
20,bedroom,9
20,living_room,8
21,balcony,10
21,bedroom,5
21,living_room,7
22,balcony,6
22,bedroom,8
22,living_room,9
23,balcony,9
23,bedroom,5
23,living_room,6
0,balcony,7
0,bedroom,6
0,living_room,6
1,balcony,7
1,bedroom,7
1,living_room,5
2,balcony,5
2,bedroom,7
2,living_room,5
3,balcony,8
3,bedroom,9
3,living_room,10
4,balcony,7
4,bedroom,7
4,living_room,5
5,balcony,6
5,bedroom,8
5,living_room,4
6,balcony,8
6,bedroom,7
6,living_room,6
7,balcony,29
7,bedroom,18
7,living_room,11
8,balcony,82
8,bedroom,68
8,living_room,43
9,balcony,81
9,bedroom,64
9,living_room,45
10,balcony,74
10,bedroom,48
10,living_room,35
11,balcony,86
11,bedroom,53
11,living_room,46
12,balcony,74
12,bedroom,62
12,living_room,39
13,balcony,78
13,bedroom,47
13,living_room,34
14,balcony,78
14,bedroom,65
14,living_room,48
15,balcony,94
15,bedroom,59
15,living_room,20
16,balcony,83
16,bedroom,59
16,living_room,54
17,balcony,7
17,bedroom,9
17,living_room,5
18,balcony,11
18,bedroom,7
18,living_room,7
19,balcony,5
19,bedroom,6
19,living_room,6
20,balcony,5
20,bedroom,5
20,living_room,9
21,balcony,8
21,bedroom,11
21,living_room,6
22,balcony,8
22,bedroom,8
22,living_room,8
23,balcony,9
23,bedroom,6
23,living_room,5
0,balcony,8
0,bedroom,7
0,living_room,5
1,balcony,6
1,bedroom,6
1,living_room,5
2,balcony,4
2,bedroom,8
2,living_room,7
3,balcony,8
3,bedroom,9
3,living_room,9
4,balcony,6
4,bedroom,7
4,living_room,10
5,balcony,6
5,bedroom,7
5,living_room,6
6,balcony,8
6,bedroom,9
6,living_room,8
7,balcony,32
7,bedroom,26
7,living_room,8
8,balcony,84
8,bedroom,70
8,living_room,44
9,balcony,69
9,bedroom,49
9,living_room,35
10,balcony,89
10,bedroom,59
10,living_room,37
11,balcony,85
11,bedroom,46
11,living_room,45
12,balcony,78
12,bedroom,71
12,living_room,41
13,balcony,84
13,bedroom,55
13,living_room,45
14,balcony,76
14,bedroom,65
14,living_room,40
15,balcony,78
15,bedroom,58
15,living_room,50
16,balcony,79
16,bedroom,64
16,living_room,39
17,balcony,9
17,bedroom,10
17,living_room,5
18,balcony,9
18,bedroom,7
18,living_room,6
19,balcony,5
19,bedroom,6
19,living_room,7
20,balcony,7
20,bedroom,5
20,living_room,5
21,balcony,8
21,bedroom,7
21,living_room,5
22,balcony,8
22,bedroom,8
22,living_room,6
23,balcony,4
23,bedroom,5
23,living_room,7
0,balcony,11
0,bedroom,8
0,living_room,7
1,balcony,11
1,bedroom,10
1,living_room,5
2,balcony,8
2,bedroom,4
2,living_room,5
3,balcony,8
3,bedroom,3
3,living_room,7
4,balcony,10
4,bedroom,6
4,living_room,5
5,balcony,11
5,bedroom,7
5,living_room,10
6,balcony,7
6,bedroom,4
6,living_room,9
7,balcony,27
7,bedroom,19
7,living_room,7
8,balcony,85
8,bedroom,57
8,living_room,55
9,balcony,66
9,bedroom,68
9,living_room,33
10,balcony,75
10,bedroom,54
10,living_room,44
11,balcony,81
11,bedroom,61
11,living_room,27
12,balcony,70
12,bedroom,55
12,living_room,30
13,balcony,80
13,bedroom,49
13,living_room,32
14,balcony,74
14,bedroom,46
14,living_room,29
15,balcony,87
15,bedroom,67
15,living_room,41
16,balcony,82
16,bedroom,58
16,living_room,37
17,balcony,6
17,bedroom,4
17,living_room,6
18,balcony,5
18,bedroom,8
18,living_room,3
19,balcony,7
19,bedroom,6
19,living_room,6
20,balcony,8
20,bedroom,7
20,living_room,5
21,balcony,8
21,bedroom,7
21,living_room,8
22,balcony,4
22,bedroom,9
22,living_room,9
23,balcony,6
23,bedroom,7
23,living_room,5
0,balcony,5
0,bedroom,8
0,living_room,9
1,balcony,7
1,bedroom,7
1,living_room,7
2,balcony,6
2,bedroom,9
2,living_room,7
3,balcony,6
3,bedroom,7
3,living_room,8
4,balcony,8
4,bedroom,8
4,living_room,6
5,balcony,7
5,bedroom,7
5,living_room,8
6,balcony,7
6,bedroom,6
6,living_room,7
7,balcony,25
7,bedroom,15
7,living_room,12
8,balcony,73
8,bedroom,58
8,living_room,53
9,balcony,86
9,bedroom,63
9,living_room,27
10,balcony,97
10,bedroom,70
10,living_room,47
11,balcony,83
11,bedroom,66
11,living_room,41
12,balcony,80
12,bedroom,59
12,living_room,31
13,balcony,87
13,bedroom,57
13,living_room,30
14,balcony,77
14,bedroom,58
14,living_room,37
15,balcony,82
15,bedroom,65
15,living_room,36
16,balcony,80
16,bedroom,60
16,living_room,34
17,balcony,5
17,bedroom,7
17,living_room,6
18,balcony,6
18,bedroom,5
18,living_room,8
19,balcony,6
19,bedroom,5
19,living_room,7
20,balcony,6
20,bedroom,7
20,living_room,7
21,balcony,3
21,bedroom,7
21,living_room,7
22,balcony,5
22,bedroom,8
22,living_room,10
23,balcony,7
23,bedroom,6
23,living_room,8
0,balcony,9
0,bedroom,5
0,living_room,8
1,balcony,5
1,bedroom,8
1,living_room,7
2,balcony,7
2,bedroom,9
2,living_room,5
3,balcony,9
3,bedroom,7
3,living_room,6
4,balcony,6
4,bedroom,8
4,living_room,6
5,balcony,8
5,bedroom,5
5,living_room,8
6,balcony,6
6,bedroom,11
6,living_room,8
7,balcony,33
7,bedroom,18
7,living_room,9
8,balcony,82
8,bedroom,48
8,living_room,51
9,balcony,71
9,bedroom,64
9,living_room,45
10,balcony,78
10,bedroom,65
10,living_room,40
11,balcony,77
11,bedroom,52
11,living_room,34
12,balcony,91
12,bedroom,49
12,living_room,41
13,balcony,74
13,bedroom,62
13,living_room,38
14,balcony,64
14,bedroom,62
14,living_room,43
15,balcony,76
15,bedroom,60
15,living_room,35
16,balcony,77
16,bedroom,65
16,living_room,37
17,balcony,8
17,bedroom,5
17,living_room,7
18,balcony,6
18,bedroom,8
18,living_room,6
19,balcony,6
19,bedroom,6
19,living_room,6
20,balcony,9
20,bedroom,7
20,living_room,6
21,balcony,10
21,bedroom,5
21,living_room,4
22,balcony,6
22,bedroom,7
22,living_room,5
23,balcony,8
23,bedroom,5
23,living_room,9
0,balcony,5
0,bedroom,11
0,living_room,8
1,balcony,5
1,bedroom,5
1,living_room,6
2,balcony,7
2,bedroom,7
2,living_room,8
3,balcony,5
3,bedroom,3
3,living_room,6
4,balcony,8
4,bedroom,9
4,living_room,5
5,balcony,9
5,bedroom,5
5,living_room,6
6,balcony,5
6,bedroom,8
6,living_room,7
7,balcony,26
7,bedroom,14
7,living_room,8
8,balcony,82
8,bedroom,50
8,living_room,38
9,balcony,82
9,bedroom,51
9,living_room,44
10,balcony,75
10,bedroom,53
10,living_room,37
11,balcony,75
11,bedroom,63
11,living_room,28
12,balcony,84
12,bedroom,56
12,living_room,34
13,balcony,70
13,bedroom,61
13,living_room,32
14,balcony,87
14,bedroom,62
14,living_room,48
15,balcony,83
15,bedroom,61
15,living_room,35
16,balcony,85
16,bedroom,64
16,living_room,38
17,balcony,7
17,bedroom,7
17,living_room,7
18,balcony,7
18,bedroom,8
18,living_room,4
19,balcony,7
19,bedroom,6
19,living_room,4
20,balcony,7
20,bedroom,6
20,living_room,4
21,balcony,6
21,bedroom,6
21,living_room,7
22,balcony,5
22,bedroom,7
22,living_room,6
23,balcony,7
23,bedroom,6
23,living_room,8
0,balcony,8
0,bedroom,5
0,living_room,7
1,balcony,6
1,bedroom,10
1,living_room,9
2,balcony,5
2,bedroom,9
2,living_room,7
3,balcony,7
3,bedroom,7
3,living_room,7
4,balcony,7
4,bedroom,5
4,living_room,7
5,balcony,7
5,bedroom,8
5,living_room,7
6,balcony,6
6,bedroom,4
6,living_room,5
7,balcony,29
7,bedroom,22
7,living_room,11
8,balcony,70
8,bedroom,61
8,living_room,53
9,balcony,72
9,bedroom,59
9,living_room,50
10,balcony,75
10,bedroom,62
10,living_room,38
11,balcony,73
11,bedroom,53
11,living_room,26
12,balcony,74
12,bedroom,68
12,living_room,25
13,balcony,74
13,bedroom,72
13,living_room,46
14,balcony,73
14,bedroom,47
14,living_room,38
15,balcony,67
15,bedroom,63
15,living_room,37
16,balcony,79
16,bedroom,55
16,living_room,44
17,balcony,7
17,bedroom,5
17,living_room,4
18,balcony,6
18,bedroom,7
18,living_room,4
19,balcony,7
19,bedroom,9
19,living_room,7
20,balcony,6
20,bedroom,7
20,living_room,5
21,balcony,7
21,bedroom,7
21,living_room,12
22,balcony,8
22,bedroom,6
22,living_room,7
23,balcony,6
23,bedroom,8
23,living_room,6
0,balcony,4
0,bedroom,8
0,living_room,7
1,balcony,6
1,bedroom,5
1,living_room,5
2,balcony,6
2,bedroom,5
2,living_room,7
3,balcony,9
3,bedroom,7
3,living_room,8
4,balcony,7
4,bedroom,6
4,living_room,7
5,balcony,7
5,bedroom,9
5,living_room,9
6,balcony,8
6,bedroom,7
6,living_room,9
7,balcony,21
7,bedroom,22
7,living_room,9
8,balcony,67
8,bedroom,66
8,living_room,36
9,balcony,85
9,bedroom,60
9,living_room,38
10,balcony,69
10,bedroom,49
10,living_room,36
11,balcony,77
11,bedroom,64
11,living_room,30
12,balcony,87
12,bedroom,71
12,living_room,49
13,balcony,76
13,bedroom,80
13,living_room,41
14,balcony,85
14,bedroom,54
14,living_room,30
15,balcony,71
15,bedroom,56
15,living_room,44
16,balcony,78
16,bedroom,56
16,living_room,41
17,balcony,5
17,bedroom,8
17,living_room,9
18,balcony,5
18,bedroom,8
18,living_room,7
19,balcony,6
19,bedroom,8
19,living_room,5
20,balcony,10
20,bedroom,7
20,living_room,6
21,balcony,9
21,bedroom,6
21,living_room,7
22,balcony,9
22,bedroom,6
22,living_room,5
23,balcony,4
23,bedroom,9
23,living_room,7
0,balcony,6
0,bedroom,4
0,living_room,6
1,balcony,7
1,bedroom,6
1,living_room,9
2,balcony,5
2,bedroom,9
2,living_room,7
3,balcony,5
3,bedroom,6
3,living_room,7
4,balcony,7
4,bedroom,9
4,living_room,7
5,balcony,7
5,bedroom,7
5,living_room,8
6,balcony,6
6,bedroom,6
6,living_room,8
7,balcony,31
7,bedroom,21
7,living_room,12
8,balcony,90
8,bedroom,53
8,living_room,37
9,balcony,62
9,bedroom,55
9,living_room,39
10,balcony,100
10,bedroom,63
10,living_room,46
11,balcony,72
11,bedroom,53
11,living_room,38
12,balcony,75
12,bedroom,61
12,living_room,41
13,balcony,90
13,bedroom,66
13,living_room,37
14,balcony,74
14,bedroom,69
14,living_room,42
15,balcony,72
15,bedroom,70
15,living_room,41
16,balcony,82
16,bedroom,60
16,living_room,44
17,balcony,7
17,bedroom,7
17,living_room,8
18,balcony,4
18,bedroom,8
18,living_room,7
19,balcony,8
19,bedroom,9
19,living_room,5
20,balcony,6
20,bedroom,7
20,living_room,6
21,balcony,10
21,bedroom,9
21,living_room,9
22,balcony,7
22,bedroom,7
22,living_room,7
23,balcony,8
23,bedroom,7
23,living_room,7
0,balcony,10
0,bedroom,6
0,living_room,11
1,balcony,5
1,bedroom,8
1,living_room,5
2,balcony,6
2,bedroom,6
2,living_room,9
3,balcony,7
3,bedroom,6
3,living_room,9
4,balcony,6
4,bedroom,8
4,living_room,6
5,balcony,6
5,bedroom,8
5,living_room,8
6,balcony,6
6,bedroom,6
6,living_room,6
7,balcony,32
7,bedroom,19
7,living_room,9
8,balcony,80
8,bedroom,74
8,living_room,36
9,balcony,75
9,bedroom,56
9,living_room,33
10,balcony,91
10,bedroom,69
10,living_room,38
11,balcony,76
11,bedroom,61
11,living_room,42
12,balcony,67
12,bedroom,50
12,living_room,41
13,balcony,77
13,bedroom,59
13,living_room,60
14,balcony,82
14,bedroom,56
14,living_room,41
15,balcony,79
15,bedroom,51
15,living_room,20
16,balcony,77
16,bedroom,57
16,living_room,37
17,balcony,9
17,bedroom,5
17,living_room,8
18,balcony,7
18,bedroom,7
18,living_room,6
19,balcony,8
19,bedroom,6
19,living_room,6
20,balcony,8
20,bedroom,5
20,living_room,9
21,balcony,9
21,bedroom,9
21,living_room,5
22,balcony,8
22,bedroom,6
22,living_room,6
23,balcony,7
23,bedroom,9
23,living_room,13
0,balcony,6
0,bedroom,8
0,living_room,9
1,balcony,7
1,bedroom,8
1,living_room,9
2,balcony,7
2,bedroom,7
2,living_room,8
3,balcony,6
3,bedroom,7
3,living_room,10
4,balcony,7
4,bedroom,5
4,living_room,6
5,balcony,6
5,bedroom,6
5,living_room,6
6,balcony,7
6,bedroom,6
6,living_room,7
7,balcony,36
7,bedroom,21
7,living_room,10
8,balcony,96
8,bedroom,58
8,living_room,37
9,balcony,83
9,bedroom,53
9,living_room,53
10,balcony,83
10,bedroom,48
10,living_room,41
11,balcony,77
11,bedroom,63
11,living_room,47
12,balcony,86
12,bedroom,66
12,living_room,37
13,balcony,84
13,bedroom,61
13,living_room,38
14,balcony,90
14,bedroom,64
14,living_room,38
15,balcony,89
15,bedroom,71
15,living_room,35
16,balcony,79
16,bedroom,63
16,living_room,38
17,balcony,6
17,bedroom,7
17,living_room,8
18,balcony,7
18,bedroom,10
18,living_room,7
19,balcony,8
19,bedroom,7
19,living_room,8
20,balcony,5
20,bedroom,7
20,living_room,9
21,balcony,5
21,bedroom,5
21,living_room,10
22,balcony,10
22,bedroom,7
22,living_room,8
23,balcony,8
23,bedroom,6
23,living_room,6
0,balcony,6
0,bedroom,5
0,living_room,9
1,balcony,6
1,bedroom,6
1,living_room,7
2,balcony,7
2,bedroom,6
2,living_room,7
3,balcony,7
3,bedroom,7
3,living_room,7
4,balcony,6
4,bedroom,7
4,living_room,4
5,balcony,7
5,bedroom,6
5,living_room,5
6,balcony,7
6,bedroom,6
6,living_room,5
7,balcony,31
7,bedroom,17
7,living_room,12
8,balcony,82
8,bedroom,60
8,living_room,31
9,balcony,79
9,bedroom,78
9,living_room,38
10,balcony,63
10,bedroom,44
10,living_room,42
11,balcony,80
11,bedroom,64
11,living_room,44
12,balcony,89
12,bedroom,54
12,living_room,20
13,balcony,71
13,bedroom,54
13,living_room,35
14,balcony,69
14,bedroom,46
14,living_room,48
15,balcony,75
15,bedroom,57
15,living_room,37
16,balcony,87
16,bedroom,61
16,living_room,41
17,balcony,7
17,bedroom,6
17,living_room,6
18,balcony,5
18,bedroom,6
18,living_room,5
19,balcony,7
19,bedroom,6
19,living_room,7
20,balcony,7
20,bedroom,7
20,living_room,6
21,balcony,7
21,bedroom,7
21,living_room,5
22,balcony,4
22,bedroom,5
22,living_room,7
23,balcony,8
23,bedroom,9
23,living_room,7
0,balcony,7
0,bedroom,5
0,living_room,9
1,balcony,9
1,bedroom,10
1,living_room,6
2,balcony,3
2,bedroom,7
2,living_room,5
3,balcony,6
3,bedroom,5
3,living_room,6
4,balcony,5
4,bedroom,7
4,living_room,8
5,balcony,8
5,bedroom,8
5,living_room,7
6,balcony,8
6,bedroom,6
6,living_room,6
7,balcony,31
7,bedroom,14
7,living_room,8
8,balcony,79
8,bedroom,72
8,living_room,50
9,balcony,80
9,bedroom,58
9,living_room,43
10,balcony,78
10,bedroom,64
10,living_room,33
11,balcony,81
11,bedroom,46
11,living_room,36
12,balcony,88
12,bedroom,58
12,living_room,34
13,balcony,77
13,bedroom,65
13,living_room,42
14,balcony,75
14,bedroom,58
14,living_room,37
15,balcony,82
15,bedroom,54
15,living_room,42
16,balcony,80
16,bedroom,62
16,living_room,45
17,balcony,7
17,bedroom,6
17,living_room,7
18,balcony,7
18,bedroom,9
18,living_room,8
19,balcony,5
19,bedroom,5
19,living_room,5
20,balcony,8
20,bedroom,7
20,living_room,7
21,balcony,9
21,bedroom,8
21,living_room,4
22,balcony,6
22,bedroom,5
22,living_room,5
23,balcony,5
23,bedroom,7
23,living_room,8
0,balcony,9
0,bedroom,6
0,living_room,8
1,balcony,9
1,bedroom,7
1,living_room,5
2,balcony,8
2,bedroom,9
2,living_room,6
3,balcony,6
3,bedroom,9
3,living_room,8
4,balcony,9
4,bedroom,9
4,living_room,7
5,balcony,7
5,bedroom,6
5,living_room,8
6,balcony,8
6,bedroom,7
6,living_room,8
7,balcony,25
7,bedroom,17
7,living_room,12
8,balcony,77
8,bedroom,68
8,living_room,40
9,balcony,84
9,bedroom,67
9,living_room,42
10,balcony,80
10,bedroom,61
10,living_room,27
11,balcony,78
11,bedroom,65
11,living_room,30
12,balcony,87
12,bedroom,46
12,living_room,47
13,balcony,64
13,bedroom,61
13,living_room,31
14,balcony,62
14,bedroom,72
14,living_room,42
15,balcony,94
15,bedroom,60
15,living_room,37
16,balcony,77
16,bedroom,57
16,living_room,40
17,balcony,8
17,bedroom,7
17,living_room,6
18,balcony,6
18,bedroom,7
18,living_room,7
19,balcony,6
19,bedroom,7
19,living_room,7
20,balcony,7
20,bedroom,8
20,living_room,10
21,balcony,8
21,bedroom,7
21,living_room,8
22,balcony,5
22,bedroom,7
22,living_room,6
23,balcony,7
23,bedroom,7
23,living_room,7
0,balcony,6
0,bedroom,6
0,living_room,4
1,balcony,5
1,bedroom,6
1,living_room,7
2,balcony,7
2,bedroom,6
2,living_room,9
3,balcony,6
3,bedroom,10
3,living_room,6
4,balcony,7
4,bedroom,5
4,living_room,6
5,balcony,7
5,bedroom,8
5,living_room,9
6,balcony,8
6,bedroom,8
6,living_room,7
7,balcony,28
7,bedroom,12
7,living_room,10
8,balcony,89
8,bedroom,51
8,living_room,34
9,balcony,87
9,bedroom,54
9,living_room,45
10,balcony,71
10,bedroom,59
10,living_room,39
11,balcony,96
11,bedroom,66
11,living_room,32
12,balcony,74
12,bedroom,56
12,living_room,36
13,balcony,72
13,bedroom,65
13,living_room,38
14,balcony,78
14,bedroom,53
14,living_room,39
15,balcony,88
15,bedroom,62
15,living_room,51
16,balcony,72
16,bedroom,54
16,living_room,40
17,balcony,6
17,bedroom,7
17,living_room,8
18,balcony,8
18,bedroom,6
18,living_room,7
19,balcony,7
19,bedroom,7
19,living_room,9
20,balcony,5
20,bedroom,10
20,living_room,9
21,balcony,6
21,bedroom,8
21,living_room,6
22,balcony,8
22,bedroom,7
22,living_room,6
23,balcony,6
23,bedroom,9
23,living_room,7
0,balcony,7
0,bedroom,7
0,living_room,4
1,balcony,5
1,bedroom,8
1,living_room,7
2,balcony,7
2,bedroom,8
2,living_room,7
3,balcony,7
3,bedroom,6
3,living_room,9
4,balcony,9
4,bedroom,7
4,living_room,7
5,balcony,7
5,bedroom,6
5,living_room,6
6,balcony,7
6,bedroom,7
6,living_room,6
7,balcony,36
7,bedroom,17
7,living_room,11
8,balcony,83
8,bedroom,60
8,living_room,55
9,balcony,74
9,bedroom,71
9,living_room,38
10,balcony,70
10,bedroom,54
10,living_room,35
11,balcony,82
11,bedroom,49
11,living_room,37
12,balcony,90
12,bedroom,63
12,living_room,34
13,balcony,75
13,bedroom,68
13,living_room,30
14,balcony,82
14,bedroom,67
14,living_room,36
15,balcony,86
15,bedroom,75
15,living_room,34
16,balcony,78
16,bedroom,54
16,living_room,44
17,balcony,5
17,bedroom,8
17,living_room,7
18,balcony,7
18,bedroom,10
18,living_room,8
19,balcony,7
19,bedroom,4
19,living_room,10
20,balcony,5
20,bedroom,7
20,living_room,6
21,balcony,10
21,bedroom,7
21,living_room,7
22,balcony,5
22,bedroom,8
22,living_room,8
23,balcony,4
23,bedroom,8
23,living_room,7
